customer_id,customer_name,email,registration_date,customer_type
C0001,Shravya Chawla,vyogi@example.com,2025-01-07,VIP
C0002,Aarnav Bahri,gpatil@example.net,2026-06-26,PREMIUM
C0003,Tripti Jani,charvi96@example.net,2026-02-01,PREMIUM
C0004,Yug Radhakrishnan,mitalikhanna@example.org,2023-09-23,VIP
C0005,Ekbal Dhingra,chaudhurivedhika@example.com,2024-02-21,REGULAR
C0006,Frado Chana,nahuja@example.org,2025-08-06,REGULAR
C0007,Timothy Bhattacharyya,lzachariah@example.net,2025-03-15,REGULAR
C0008,Imaran Kanda,deojyoti@example.net,2025-11-26,VIP
C0009,Yoshita Nagi,theodore03@example.org,2024-05-05,PREMIUM
C0010,Kamya Reddy,triyabahl@example.org,2023-12-28,PREMIUM
C0011,Chatura Narang,owenpai@example.com,2026-06-19,PREMIUM
C0012,Veda Krishnamurthy,jagdishbajwa@example.com,2024-12-03,PREMIUM
C0013,Isha Bhat,niteshsubramanian@example.net,2024-02-17,PREMIUM
C0014,Harita Sengupta,zmadan@example.com,2024-06-08,PREMIUM
C0015,Vedika Dube,priya81@example.org,2026-05-24,VIP
C0016,Zaid Kar,madhavdugar@example.com,2024-11-14,PREMIUM
C0017,Falak Muni,deepvictor@example.org,2025-04-25,REGULAR
C0018,Ayush Madan,kavya38@example.com,2024-01-22,VIP
C0019,Hardik Doctor,agrawalzaid@example.net,2023-11-12,REGULAR
C0020,Maanas Gandhi,vwarrior@example.net,2024-06-11,REGULAR
C0021,Yashica Bains,qkarpe@example.net,2024-09-04,PREMIUM
C0022,Kevin Krishnan,garya@example.org,2024-07-07,PREMIUM
C0023,Hamsini Dara,guneetjhaveriexample.org,2025-08-08,VIP
C0024,Ethan Contractor,warhi68@example.org,2025-10-04,REGULAR
C0025,Unni Varghese,aashibedi@example.org,2025-07-11,VIP
C0026,Yauvani Kaul,henryluthra@example.org,2026-02-21,VIP
C0027,Divya Dora,matthewvaidya@example.net,2024-10-18,REGULAR
C0028,Dayamai Tata,psingh@example.com,2024-07-05,PREMIUM
C0029,Ishwar Tripathi,dmurthy@example.com,2025-01-27,PREMIUM
C0030,Bimala Singh,vasanagupta@example.org,2025-07-14,PREMIUM
C0031,Zehaan Talwar,qbanerjee@example.org,2025-10-20,REGULAR
C0032,Gaurav Chacko,gautami96@example.net,2024-09-03,REGULAR
C0033,Netra Halder,mandereshana@example.com,2025-01-14,VIP
C0034,Vasana Krishnamurthy,travel@example.net,2024-09-09,REGULAR
C0035,Yochana Vaidya,gkhurana@example.org,2024-04-09,REGULAR
C0036,Ekta Srivastava,ryankumer@example.net,2024-06-25,REGULAR
C0037,Banjeet Mander,banjeetramakrishnan@example.com,2025-04-09,REGULAR
C0038,Yagnesh Wable,reva20@example.org,2026-03-25,PREMIUM
C0039,Jacob Kumar,esha@example.org,2025-02-02,REGULAR
C0040,Tripti Sant,girindra16@example.org,2023-08-13,PREMIUM
C0041,Finn Loyal,aarush90@example.net,2023-10-15,PREMIUM
C0042,Yamini Kulkarni,wbhagat@example.org,2026-01-25,REGULAR
C0043,Bhavya Gaba,ramansaksham@example.com,2025-10-02,PREMIUM
C0044,Wridesh Minhas,loparay@example.com,2025-03-13,REGULAR
C0045,Henry Mahajan,murthyyagnesh@example.net,2025-04-20,REGULAR
C0046,Hemal Karnik,csrinivas@example.com,2025-07-16,VIP
C0047,Banjeet Bahl,suraxavier@example.org,2025-05-04,PREMIUM
C0048,Raksha Konda,ekalinganayak@example.org,2023-08-26,PREMIUM
C0049,Darpan Prasad,mapte@example.com,2026-02-25,REGULAR
C0050,Upkaar Rai,shivansh26@example.com,2024-01-09,VIP
C0051,Hemangini Bhat,sabharwalkiaan@example.org,2025-06-07,REGULAR
C0052,Edhitha Bera,sharafrajata@example.com,2024-12-15,PREMIUM
C0053,Aryan Bail,sanghaaarav@example.net,2025-12-08,PREMIUM
C0054,Ridhi Goyal,ochandra@example.net,2025-05-29,PREMIUM
C0055,Ira Hayre,shuklaekantika@example.net,2025-08-09,VIP
C0056,Rishi Verma,arorachavvi@example.com,2026-05-22,REGULAR
C0057,Dalbir Raghavan,thamanchanchal@example.org,2025-10-22,PREMIUM
C0058,Kritika Nayak,rsem@example.org,2024-07-13,REGULAR
C0059,Zinal Ratti,chakrabartiwarhi@example.net,2026-05-24,VIP
C0060,Damyanti Grewal,owen76@example.com,2025-07-26,VIP
C0061,Unni Dugar,waidasabharwal@example.net,2026-06-20,VIP
C0062,Yashoda Kade,pinglevritti@example.com,2024-05-03,PREMIUM
C0063,Ikbal Mandal,manthansachdeva@example.net,2025-08-01,VIP
C0064,Saanvi Mani,baljiwan30@example.net,2025-03-29,REGULAR
C0065,Jasmit Batta,sbassi@example.net,2025-08-11,PREMIUM
C0066,Nihal Solanki,idika03@example.com,2024-09-29,VIP
C0067,Dalbir Desai,madhavikarnik@example.net,2025-07-15,REGULAR
C0068,Chaman Bakshi,qsangha@example.net,2025-05-03,VIP
C0069,Keya Majumdar,xkashyap@example.net,2025-07-20,REGULAR
C0070,Ansh Wagle,jalsa17@example.net,2025-02-12,PREMIUM
C0071,Gautami Bansal,hemal23@example.com,2025-01-21,PREMIUM
C0072,Qasim Brahmbhatt,zansikapur@example.com,2025-08-24,VIP
C0073,Mekhala Parsa,xrattan@example.net,2026-07-01,REGULAR
C0074,Mason Gaba,jasonbhatti@example.com,2026-01-26,PREMIUM
C0075,Chandran Bahl,vkhurana@example.net,2025-10-24,PREMIUM
C0076,Manan Prakash,omanya@example.com,2025-02-28,VIP
C0077,Nirja Pal,sanireyansh@example.net,2024-07-17,PREMIUM
C0078,Gaurav Chawla,gmani@example.com,2025-10-11,VIP
C0079,Upadhriti Dyal,jeremiahjhaveri@example.com,2025-10-09,REGULAR
C0080,Daksha Thakur,harishbalasubramanian@example.com,2024-04-08,VIP
C0081,Reva Narang,mannanmeera@example.net,2024-09-07,VIP
C0082,Patrick Nagar,bhavika84@example.org,2026-01-18,VIP
C0083,Yoshita Rao,agastyarastogi@example.com,2024-03-10,REGULAR
C0084,Abhimanyu Raj,chandanichanda@example.org,2024-03-01,PREMIUM
C0085,Robert Dani,anandnathan@example.net,2023-12-16,VIP
C0086,Gavin Pall,shravya42@example.org,2025-04-30,PREMIUM
C0087,Ubika Gara,batragirik@example.net,2026-05-08,VIP
C0088,Aarnav Chana,pchopra@example.net,2024-09-05,PREMIUM
C0089,Farhan Dugar,mekhala69@example.net,2024-05-03,REGULAR
C0090,Triveni Chatterjee,krisha36@example.com,2025-12-24,PREMIUM
C0091,Chakradev Sarma,adixit@example.net,2023-08-02,VIP
C0092,Panini Rastogi,ekbalarora@example.net,2024-09-11,REGULAR
C0093,Madhavi Loyal,aashichadha@example.net,2025-10-22,REGULAR
C0094,Bishakha Chaudhuri,zbalakrishnan@example.com,2025-09-12,PREMIUM
C0095,Urvi Madan,jhaverifaris@example.org,2024-06-29,VIP
C0096,Daksha Deo,lakshmiboase@example.org,2023-11-10,PREMIUM
C0097,Ojas Swamy,xdeep@example.com,2026-02-17,VIP
C0098,Ria Cheema,kalpitlad@example.net,2025-05-19,REGULAR
C0099,Bhavika Cherian,mitaldakshesh@example.com,2025-11-25,PREMIUM
C0100,Elijah Rout,owen94@example.org,2024-06-05,REGULAR
C0101,Guneet Khanna,fitan93@example.com,2023-12-10,REGULAR
C0102,Gautami Narula,masonbasak@example.com,2024-01-27,REGULAR
C0103,Mitali Ratta,raibalveer@example.org,2024-08-16,VIP
C0104,Xiti Narasimhan,bhardwajishani@example.net,2025-09-05,PREMIUM
C0105,Rehaan Deo,cvarkey@example.org,2026-04-09,PREMIUM
C0106,Rachana Seth,neel63@example.org,2025-01-31,PREMIUM
C0107,Baghyawati Raja,zmuni@example.net,2025-10-18,REGULAR
C0108,Gayathri Khatri,aishani38@example.org,2023-12-27,PREMIUM
C0109,Rehaan Setty,harshbath@example.org,2024-09-28,REGULAR
C0110,Prisha Tank,byogi@example.net,2023-10-30,PREMIUM
C0111,Manthan Setty,sai86@example.net,2025-07-28,REGULAR
C0112,Ekiya Parmer,naidusaumya@example.com,2023-11-05,REGULAR
C0113,Pallavi Sane,knadig@example.com,2025-03-23,VIP
C0114,Ubika Tailor,shameghana@example.com,2026-02-08,REGULAR
C0115,Advay Mohanty,ubhandari@example.org,2024-12-10,PREMIUM
C0116,Sai Sen,abdul62@example.com,2024-09-01,PREMIUM
C0117,Faras Mane,nilimaprasad@example.org,2025-02-20,PREMIUM
C0118,Bhanumati Viswanathan,ekanshdhingra@example.com,2025-02-12,REGULAR
C0119,Indali Kohli,mitaligarde@example.com,2023-08-25,PREMIUM
C0120,Michael Bassi,yashodhara72@example.org,2026-06-01,VIP
C0121,Isha Sood,sanand@example.org,2024-05-06,PREMIUM
C0122,Jagrati Hayer,ybalasubramanian@example.net,2024-02-12,REGULAR
C0123,Pooja Bhat,raksha13@example.net,2026-01-27,REGULAR
C0124,Baghyawati Khare,falguninagarajan@example.org,2023-09-13,VIP
C0125,Patrick Gill,chandranramachandran@example.net,2023-08-16,VIP
C0126,Sathvik Prasad,hborah@example.com,2024-09-15,VIP
C0127,Avni Goda,shivanshnayar@example.com,2025-11-05,REGULAR
C0128,Deepa Barman,sanyashan@example.org,2025-06-17,REGULAR
C0129,Daksha Bera,xsavant@example.com,2025-08-28,REGULAR
C0130,Krishna Sunder,yutika30@example.org,2025-07-15,REGULAR
C0131,Hemani Wadhwa,zkala@example.com,2025-08-03,VIP
C0132,Indrajit Ahluwalia,qborraexample.org,2025-03-31,PREMIUM
C0133,Mugdha Vaidya,pateljeremiah@example.com,2024-07-11,PREMIUM
C0134,Widisha Kumer,logankota@example.org,2025-03-24,REGULAR
C0135,Wyatt Kapoor,lraja@example.net,2024-08-10,REGULAR
C0136,Vamakshi Sarin,frama@example.org,2025-12-22,PREMIUM
C0137,Lila Wable,sai44@example.org,2023-09-17,REGULAR
C0138,Netra Menon,qbasu@example.com,2026-02-02,PREMIUM
C0139,Dhruv Hans,mohantybhavani@example.net,2024-12-04,REGULAR
C0140,Chandani Chaudhari,utkarsh77@example.com,2024-07-31,PREMIUM
C0141,Hamsini Muni,brinda27@example.net,2025-04-17,VIP
C0142,Devansh Bal,drao@example.org,2023-11-17,VIP
C0143,Wishi Pingle,maharajzarna@example.com,2023-09-13,VIP
C0144,Mason Chhabra,aadhya63@example.org,2024-11-08,VIP
C0145,Chaaya Ray,williamrama@example.com,2024-01-28,PREMIUM
C0146,Amara Dubey,okuruvilla@example.com,2025-08-29,PREMIUM
C0147,Imaran Mandal,joshuamadan@example.net,2026-02-10,REGULAR
C0148,Dev Aurora,okeer@example.net,2024-08-09,REGULAR
C0149,Yashica Grover,akhanna@example.com,2023-08-07,VIP
C0150,Dhruv Kota,niharikamani@example.com,2026-01-04,VIP
C0151,Qasim Bakshi,niharika78@example.net,2024-03-11,VIP
C0152,Rudra Kashyap,aradhana68@example.com,2024-03-21,REGULAR
C0153,Radhika Sathe,kadesachiexample.org,2025-05-28,REGULAR
C0154,Girik Venkataraman,ykade@example.com,2025-03-10,PREMIUM
C0155,Sara Nazareth,ipradhan@example.org,2026-04-30,VIP
C0156,Yatan Mannan,ddalia@example.com,2025-08-02,VIP
C0157,Mugdha Om,widisha53@example.net,2026-07-02,VIP
C0158,Turvi Sarin,semfaris@example.com,2024-01-07,VIP
C0159,Upasna Bir,qsrivastava@example.org,2025-04-08,VIP
C0160,Girik Sahota,owen25@example.com,2025-12-29,VIP
C0161,Tanmayi Sandhu,bhatiavictor@example.com,2025-09-05,VIP
C0162,Tanish Badami,farismall@example.net,2024-06-28,VIP
C0163,Zayyan Char,umander@example.org,2024-08-23,PREMIUM
C0164,Alexander Palla,duamekhala@example.com,2024-01-29,VIP
C0165,Zarna Char,uchaudhary@example.com,2023-10-25,VIP
C0166,Eesha Bava,dbanik@example.net,2023-09-01,PREMIUM
C0167,Anirudh Kale,siddharthseth@example.org,2024-10-28,VIP
C0168,Krishna Issac,parthagrawal@example.org,2026-02-19,REGULAR
C0169,Ishwar Sridhar,bhatiachakradev@example.org,2024-11-07,REGULAR
C0170,Tristan Ravel,rastogidayamai@example.net,2025-02-22,REGULAR
C0171,Shivansh Tailor,vnarayan@example.net,2024-03-11,REGULAR
C0172,Vinaya Raja,girik88@example.org,2024-03-09,REGULAR
C0173,Anmol Bedi,shaanthony@example.org,2024-04-07,REGULAR
C0174,Naksh Iyengar,parthchacko@example.net,2023-11-13,REGULAR
C0175,Nathan Dara,ekarajsastry@example.com,2024-08-19,REGULAR
C0176,Kamya Om,sainiadya@example.org,2025-04-26,PREMIUM
C0177,Nathaniel Wagle,jtiwari@example.org,2025-03-14,PREMIUM
C0178,Chaman Sha,msant@example.org,2024-04-01,VIP
C0179,Niharika Gera,yatin16@example.org,2025-08-26,VIP
C0180,Tanvi Chacko,achhabra@example.com,2023-12-10,VIP
C0181,Yashasvi Agrawal,yugsridhar@example.net,2026-05-08,VIP
C0182,Bhavika Kota,trivedidamyanti@example.com,2023-10-12,VIP
C0183,Reyansh Deshpande,ramakrishnanikshita@example.com,2023-11-11,VIP
C0184,Ishanvi Srinivas,sagardarpan@example.com,2025-06-06,PREMIUM
C0185,Gopal Chad,natarajannihal@example.com,2024-09-15,REGULAR
C0186,Janani Kaul,aarnavgour@example.com,2024-10-07,PREMIUM
C0187,Harish Sahni,fmangat@example.com,2024-11-02,VIP
C0188,Oeshi Bhat,zinal06@example.com,2025-11-16,VIP
C0189,Upasna Mody,shettyodika@example.org,2024-05-20,VIP
C0190,Harshil Mallick,chaitaly78@example.net,2026-01-27,PREMIUM
C0191,Agastya Mahal,prisha05@example.com,2026-03-21,PREMIUM
C0192,Chandran Bansal,samarborahexample.net,2024-10-21,REGULAR
C0193,Urmi Tailor,iraprabhakar@example.com,2024-10-18,REGULAR
C0194,Jalsa Handa,isaacray@example.com,2026-06-03,PREMIUM
C0195,Turvi Tailor,abhiram67@example.net,2024-03-09,PREMIUM
C0196,Gaurav More,vyanjana06@example.com,2026-07-06,VIP
C0197,Eshana Puri,omangat@example.net,2023-07-31,PREMIUM
C0198,Hitesh Shroff,ucchal24@example.net,2024-03-12,VIP
C0199,Ekanta Shere,cguha@example.com,2025-01-12,REGULAR
C0200,Simon Bhagat,zansi57@example.net,2026-03-15,PREMIUM
C0201,Bhavini Padmanabhan,amodi@example.net,2025-07-23,VIP
C0202,Hardik Chaudry,yagnesh14@example.org,2024-03-30,VIP
C0203,Urvashi Gopal,adya31@example.com,2024-09-05,REGULAR
C0204,Logan Kalla,sodhifalguni@example.net,2023-12-28,PREMIUM
C0205,Omisha Narula,unnati24@example.net,2025-10-20,PREMIUM
C0206,Anthony Borra,sehgalpatrick@example.org,2026-03-02,REGULAR
C0207,Hardik Hayer,ekantika75@example.net,2025-05-13,REGULAR
C0208,Ekanta Shere,jasonmital@example.net,2024-06-12,VIP
C0209,Anya Wali,rjhaveri@example.net,2026-03-12,REGULAR
C0210,Udyati Krish,wahabsavant@example.com,2024-02-16,VIP
C0211,Nicholas Pal,raaginisampath@example.net,2025-03-11,PREMIUM
C0212,Bhavini Narayanan,chahalyutika@example.com,2024-12-29,PREMIUM
C0213,Libni Subramanian,taraksehgal@example.net,2024-09-06,VIP
C0214,Kritika Tata,ragrawal@example.net,2023-10-28,REGULAR
C0215,Vasudha Datta,vedhikacherian@example.net,2024-10-10,REGULAR
C0216,Chatura Bhandari,baralpooja@example.com,2025-01-18,REGULAR
C0217,Watika Lad,manbir96@example.com,2026-01-06,PREMIUM
C0218,Zashil Soman,vansha46@example.com,2025-07-16,PREMIUM
C0219,Dipta Verma,ati06@example.com,2024-12-12,PREMIUM
C0220,Vanya Munshi,asahni@example.com,2026-06-14,VIP
C0221,Ansh Kalita,paiguneet@example.org,2025-11-24,REGULAR
C0222,Upma Kakar,ynadig@example.com,2024-05-21,PREMIUM
C0223,Jasmit Gaba,nathaniel72@example.net,2025-09-28,REGULAR
C0224,Inaya Sani,pradhananita@example.com,2026-02-28,VIP
C0225,Aachal Dar,shankarhemangini@example.com,2025-03-04,VIP
C0226,Lekha Issac,chatterjeeadvik@example.net,2026-05-11,VIP
C0227,Warinder Narula,nilimamanda@example.net,2024-06-08,REGULAR
C0228,Brinda Sagar,bakshineha@example.net,2023-10-17,PREMIUM
C0229,Mahika Loyal,mraghavan@example.net,2025-07-03,VIP
C0230,Naveen Kamdar,nrajan@example.org,2026-06-20,REGULAR
C0231,Benjamin Dass,balaharrison@example.net,2025-10-09,REGULAR
C0232,Raksha Aurora,vchadha@example.com,2025-09-04,REGULAR
C0233,Ganga Hans,ahluwaliavedhika@example.com,2023-12-08,VIP
C0234,Hemangini Chakraborty,jagat06@example.org,2025-04-12,VIP
C0235,Pranav Mammen,ataneja@example.com,2023-07-30,REGULAR
C0236,Prisha Naidu,thamanrudra@example.net,2024-07-16,VIP
C0237,Abdul Bora,mitalvamakshi@example.org,2025-02-27,REGULAR
C0238,Bina Oza,liambalan@example.com,2025-04-30,REGULAR
C0239,Lajita Balan,nayararunima@example.com,2026-05-06,REGULAR
C0240,Advay Chandra,amrita89@example.net,2026-06-18,PREMIUM
C0241,Daniel Goda,ronith70example.net,2026-05-20,VIP
C0242,Bhavika Tara,lben@example.net,2024-04-07,REGULAR
C0243,Gabriel Patla,saniwidisha@example.org,2024-12-03,REGULAR
C0244,Fiyaz Oza,mammenreyansh@example.org,2025-08-31,PREMIUM
C0245,Ekbal Tandon,alexander13@example.net,2024-08-06,REGULAR
C0246,Niharika Lalla,vsundaram@example.com,2025-02-06,REGULAR
C0247,Wyatt Swaminathan,snigam@example.com,2024-01-27,VIP
C0248,Vincent Kumar,balaarunima@example.net,2025-10-05,REGULAR
C0249,Chatresh Kala,loyalraghav@example.net,2026-07-09,VIP
C0250,Charles Zachariah,zaitra49@example.net,2024-12-04,PREMIUM
C0251,Hredhaan Narayan,agoyal@example.net,2024-07-14,REGULAR
C0252,Warda Bakshi,harrisonkaran@example.net,2024-04-01,PREMIUM
C0253,Anjali Varty,rachitabali@example.com,2026-04-14,VIP
C0254,Zayan Krishnamurthy,wmukhopadhyay@example.net,2025-01-07,VIP
C0255,Wishi Menon,neha78@example.net,2025-04-14,VIP
C0256,Kamala Magar,sacharjagat@example.org,2024-06-27,PREMIUM
C0257,Baljiwan Suresh,hegdejanaki@example.org,2025-11-30,VIP
C0258,Faris Sharaf,samarth84@example.org,2025-12-17,VIP
C0259,Jairaj Acharya,mitrajeevika@example.net,2024-06-26,PREMIUM
C0260,Samar Prasad,kalpitaggarwal@example.org,2026-01-09,REGULAR
C0261,Ati Sundaram,behlaradhana@example.org,2025-03-31,REGULAR
C0262,Balendra Chauhan,hredhaan53@example.net,2025-08-31,VIP
C0263,Vansha Dar,kkapur@example.org,2024-05-03,REGULAR
C0264,Gayathri Mander,asuraexample.com,2025-09-16,VIP
C0265,Advik Uppal,ranganathanyatin@example.org,2025-01-29,REGULAR
C0266,Mitali More,ojas43@example.net,2024-08-31,REGULAR
C0267,Maanas Nigam,aishanimukherjee@example.com,2024-08-18,VIP
C0268,Liam Handa,aggarwalbalveer@example.net,2024-12-09,REGULAR
C0269,Arjun Bassi,dominicsolanki@example.org,2024-05-18,PREMIUM
C0270,Simon Tiwari,chandanisom@example.net,2023-08-10,PREMIUM
C0271,Shaurya Nayak,vasudha18@example.org,2025-10-30,PREMIUM
C0272,Shivansh Mannan,rushil10@example.net,2024-03-16,VIP
C0273,Girik Goswami,xsanghvi@example.org,2025-02-10,VIP
C0274,Tripti Krishnan,nlad@example.net,2024-11-29,VIP
C0275,Akshay Srivastava,jeremiahshroff@example.org,2026-04-03,REGULAR
C0276,Veda Vala,dhillonaarav@example.org,2025-12-19,REGULAR
C0277,Jason Bala,banjeetgade@example.org,2023-10-19,VIP
C0278,Dayita Mishra,uchoudhary@example.com,2023-08-13,REGULAR
C0279,Ganga Lall,somanguneet@example.org,2026-04-12,REGULAR
C0280,Arunima Garg,auroravidhi@example.com,2026-01-03,REGULAR
C0281,Vedika Barad,kritika47@example.net,2023-09-21,VIP
C0282,Darika Oak,ykalita@example.org,2025-09-08,PREMIUM
C0283,Leela Dua,rehaan17@example.org,2024-04-10,VIP
C0284,Jagdish Mishra,wdalia@example.org,2023-12-25,VIP
C0285,Gautam Vala,waidalad@example.net,2023-08-31,VIP
C0286,Hritik Gaba,chaudhuriarin@example.com,2025-07-17,PREMIUM
C0287,Girindra Korpal,bhavnabhardwaj@example.net,2024-11-19,VIP
C0288,Vasatika Halder,mkanda@example.net,2026-03-27,PREMIUM
C0289,Imaran Krish,rraval@example.net,2026-04-14,REGULAR
C0290,Ishita Sandhu,saksham56@example.com,2025-11-19,PREMIUM
C0291,Pratyush Sethi,sahniabeer@example.net,2025-07-01,PREMIUM
C0292,Peter Vaidya,cwalla@example.net,2025-11-12,REGULAR
C0293,Vincent Prakash,hemal38@example.org,2024-03-29,VIP
C0294,Jagat Sha,cpillay@example.net,2026-04-13,PREMIUM
C0295,Bishakha Menon,sneharanganathan@example.net,2023-08-11,PREMIUM
C0296,Bhavani Shroff,utkarsh89@example.org,2025-03-15,REGULAR
C0297,Chaman Subramanian,babuanusha@example.net,2023-09-28,VIP
C0298,Bishakha Tandon,ftiwari@example.net,2025-12-17,VIP
C0299,Triya Bandi,pbali@example.org,2025-11-11,VIP
C0300,Niharika Kalita,regeguneet@example.com,2025-12-04,PREMIUM
C0301,Thomas Kala,usandhu@example.org,2024-10-19,VIP
C0302,Chanchal Mutti,mitraindali@example.org,2023-12-13,PREMIUM
C0303,Tanish Raghavan,ochandran@example.org,2023-07-17,VIP
C0304,Anirudh Thakkar,bhavanichacko@example.net,2026-06-20,REGULAR
C0305,Balveer Oza,butalaekanta@example.org,2024-08-24,PREMIUM
C0306,Sudiksha Ghosh,gparsa@example.org,2025-02-09,VIP
C0307,Anvi Oza,fitankapoor@example.net,2025-10-01,PREMIUM
C0308,Warinder Badami,kai60@example.org,2025-10-30,REGULAR
C0309,Sanaya Sur,kalpitsule@example.net,2023-11-06,REGULAR
C0310,Bishakha Manne,zbains@example.com,2024-03-06,PREMIUM
C0311,Kai Dar,mpall@example.com,2023-11-05,VIP
C0312,Samuel Ganesan,pbarad@example.com,2024-03-23,REGULAR
C0313,Inaya Kurian,mitali47@example.org,2024-02-13,PREMIUM
C0314,Bhavna Chatterjee,ojasvi26@example.com,2026-05-18,VIP
C0315,Janaki Sandhu,robert68@example.net,2023-09-16,VIP
C0316,Chanchal Gandhi,dalaja61@example.com,2024-01-15,PREMIUM
C0317,Tamanna Morar,kkrishnan@example.com,2026-05-23,VIP
C0318,Ishaan Mody,tbakshi@example.org,2024-11-22,VIP
C0319,Janaki Sandal,qarin49@example.org,2024-12-25,REGULAR
C0320,Isaiah Khosla,sahotagagan@example.org,2024-07-16,REGULAR
C0321,Urvashi Nayar,cwadhwa@example.com,2026-01-04,VIP
C0322,Nidra Kothari,mandalishani@example.org,2023-12-29,VIP
C0323,Joshua Goyal,oscar11@example.org,2024-12-18,PREMIUM
C0324,Samar Chakraborty,dmurthy@example.com,2023-11-30,PREMIUM
C0325,Baljiwan Deo,banjeetgaba@example.org,2025-10-04,VIP
C0326,Yashvi Ahuja,andrayashoda@example.net,2024-03-27,REGULAR
C0327,Falguni Natarajan,mangalgopal@example.net,2026-06-23,PREMIUM
C0328,Jagvi Sibal,jeremiah28@example.com,2024-06-13,VIP
C0329,Harita Kara,hbora@example.com,2026-02-23,PREMIUM
C0330,Finn Kaul,wmallick@example.net,2025-12-03,PREMIUM
C0331,Aarini Madan,zapte@example.org,2024-02-11,REGULAR
C0332,Onkar Mutti,wbarad@example.org,2024-09-25,PREMIUM
C0333,Warinder Prakash,geraamaira@example.org,2025-01-30,PREMIUM
C0334,Indali Basu,yashasvi86@example.net,2024-06-24,PREMIUM
C0335,Geetika Grewal,kantkabir@example.com,2023-10-09,REGULAR
C0336,Wahab Wadhwa,dhargaurang@example.com,2025-05-27,VIP
C0337,Agastya Sandhu,kbera@example.com,2026-03-09,PREMIUM
C0338,Jagat Nadkarni,vkulkarni@example.com,2024-06-03,VIP
C0339,Vincent Modi,vbhalla@example.org,2025-04-06,VIP
C0340,Janya Walla,boaseeesha@example.org,2023-12-31,PREMIUM
C0341,Orinder Chhabra,sonisamesh@example.com,2023-11-29,PREMIUM
C0342,Chanchal Banik,tanish90@example.org,2024-05-25,VIP
C0343,Ekaja Kaur,dyaltejas@example.org,2023-11-30,VIP
C0344,Chakradev Bedi,upmapandya@example.org,2024-03-23,REGULAR
C0345,Baljiwan Soni,zayangala@example.net,2024-05-19,PREMIUM
C0346,Lakshit Pandya,lakshbahl@example.net,2023-07-29,PREMIUM
C0347,Simon Chad,madhavraghavan@example.com,2024-11-01,PREMIUM
C0348,Jackson Mandal,rajumahika@example.net,2025-11-09,REGULAR
C0349,Wridesh Talwar,yutika58@example.com,2026-02-20,VIP
C0350,Lila Seth,neel16@example.net,2025-09-01,PREMIUM
C0351,Kritika Purohit,anamika95@example.org,2023-10-29,VIP
C0352,Janya Gill,niharika47@example.com,2023-08-08,PREMIUM
C0353,Faras Randhawa,lohitmukherjee@example.com,2025-12-27,REGULAR
C0354,Abhiram Bera,trivediwriddhish@example.com,2024-03-17,REGULAR
C0355,Luke Dass,ddewan@example.org,2023-11-18,REGULAR
C0356,Yochana Balakrishnan,trivediganga@example.net,2025-04-10,VIP
C0357,Zarna Saini,krana@example.org,2025-09-13,VIP
C0358,Anamika Gaba,chauhanudant@example.com,2025-07-15,VIP
C0359,Parth Shah,tmuni@example.net,2024-09-29,VIP
C0360,Brinda Bahl,yadavaditya@example.org,2023-11-02,VIP
C0361,Andrew Rattan,hdani@example.com,2023-08-09,REGULAR
C0362,Balvan Zacharia,srivastavajasmit@example.org,2025-10-12,PREMIUM
C0363,Neel Thaman,chakradev46@example.com,2026-07-02,REGULAR
C0364,Yutika Nayak,oghose@example.net,2024-11-01,REGULAR
C0365,Aahana Gola,rajatadewan@example.org,2023-10-07,VIP
C0366,Ayushman Narayanan,chhabrachatura@example.org,2024-11-19,VIP
C0367,Agastya Cherian,gghose@example.net,2024-04-25,PREMIUM
C0368,Max Sant,bdhaliwal@example.org,2025-05-18,REGULAR
C0369,Suhani Arya,manya87@example.org,2025-11-28,VIP
C0370,Vaishnavi Jha,gbath@example.net,2023-08-15,PREMIUM
C0371,Girindra Panchal,csharaf@example.net,2025-10-11,REGULAR
C0372,Balvan Devi,lavanya24@example.net,2024-05-04,REGULAR
C0373,Pavani Jhaveri,senguptaamruta@example.org,2026-06-17,VIP
C0374,Leela Bawa,harioeshi@example.com,2026-07-10,PREMIUM
C0375,Kamala Karpe,nattaarush@example.net,2024-02-16,PREMIUM
C0376,Nicholas Radhakrishnan,wseth@example.org,2024-05-24,PREMIUM
C0377,Prisha Sanghvi,mitalbalvan@example.net,2025-12-19,VIP
C0378,Qabil Mohanty,jason40@example.org,2025-09-27,REGULAR
C0379,Hemangini Sengupta,daratristan@example.net,2025-10-22,REGULAR
C0380,Gavin Seshadri,amara66@example.org,2024-01-27,VIP
C0381,Vasana Goyal,haritachopra@example.com,2023-09-20,PREMIUM
C0382,Avni D’Alia,bhattacharyyadarika@example.net,2023-08-25,PREMIUM
C0383,Rajeshri Parmer,chamanradhakrishnan@example.net,2026-02-02,REGULAR
C0384,Rushil Tiwari,paioscar@example.net,2024-04-07,PREMIUM
C0385,Teerth Banerjee,vedikaprashad@example.com,2024-08-18,PREMIUM
C0386,Naveen Hayer,sakshambuch@example.net,2025-08-09,REGULAR
C0387,Unnati Rattan,idikakeer@example.org,2023-11-28,REGULAR
C0388,Nidhi Virk,yashica47@example.net,2024-03-23,PREMIUM
C0389,Abeer Batta,onveer73@example.com,2026-02-16,REGULAR
C0390,Chavvi Dara,mason53@example.com,2025-10-22,VIP
C0391,Dev Yohannan,sunderaashi@example.org,2025-05-11,VIP
C0392,Jagvi Badami,noriveer@example.net,2023-12-03,VIP
C0393,Triveni Pal,libni53@example.net,2025-11-19,VIP
C0394,Indrajit Modi,jwalla@example.com,2023-11-02,REGULAR
C0395,Kashvi Issac,walizayan@example.com,2026-05-09,VIP
C0396,Nidhi Saini,sanaya75@example.net,2023-12-05,REGULAR
C0397,Mitesh Chaudhary,fbaria@example.net,2025-12-24,REGULAR
C0398,Advika Sarma,william15@example.com,2024-09-03,PREMIUM
C0399,Laksh Luthra,comarjagdish@example.com,2026-03-13,PREMIUM
C0400,Amrita Verma,veer44@example.net,2023-07-24,REGULAR
C0401,Timothy Raja,baghyawatikunda@example.net,2024-10-17,REGULAR
C0402,Saksham Pingle,qushi67@example.com,2024-05-28,VIP
C0403,Vasatika Yadav,swali@example.org,2025-09-07,VIP
C0404,Avni Sastry,ishaan94@example.org,2024-09-18,VIP
C0405,Vihaan Patel,sanaya10@example.com,2023-11-13,VIP
C0406,Arunima Srivastava,ati82@example.com,2026-02-24,REGULAR
C0407,Adweta Bains,ayushmanreddy@example.net,2023-10-06,REGULAR
C0408,Samaksh Walla,sharafvedhika@example.com,2025-11-05,REGULAR
C0409,Amruta Kashyap,dakshachowdhury@example.com,2025-07-24,VIP
C0410,Anya Sunder,bathzehaan@example.com,2023-07-19,REGULAR
C0411,Varsha Joshi,wsur@example.com,2025-03-26,REGULAR
C0412,Finn Rao,ladli89@example.org,2024-07-08,VIP
C0413,Sai Raghavan,anshbahri@example.org,2025-05-06,REGULAR
C0414,Qadim Srinivas,edas@example.com,2025-09-21,REGULAR
C0415,Siya Chhabra,ahluwaliaindira@example.net,2024-08-20,REGULAR
C0416,Omya Bahri,hsur@example.net,2024-05-25,PREMIUM
C0417,Upkaar Kibe,haritavora@example.org,2024-09-27,REGULAR
C0418,Radhika Chanda,sagarganga@example.com,2024-07-31,REGULAR
C0419,Baljiwan Wason,agastya08@example.org,2026-03-18,PREMIUM
C0420,Manthan Bose,fradoyohannan@example.org,2026-03-18,REGULAR
C0421,Girish Sani,csalvi@example.com,2025-09-12,VIP
C0422,Patrick Ganesh,onadig@example.net,2023-11-05,VIP
C0423,Shivansh Sarna,zayyan49@example.org,2025-06-19,REGULAR
C0424,Zayyan Sur,bansalnitara@example.org,2023-11-12,PREMIUM
C0425,Yashodhara Sachdeva,kalpitvenkataraman@example.org,2024-07-22,REGULAR
C0426,Chatresh Chowdhury,divanirya@example.org,2024-10-20,REGULAR
C0427,Charita Krishnan,ichaudry@example.org,2024-04-25,PREMIUM
C0428,Chakradev Sarna,dakshesh27@example.com,2024-07-31,REGULAR
C0429,Yashawini Brar,tanveeredwin@example.net,2023-11-14,VIP
C0430,Vasudha Bhattacharyya,vartyunni@example.com,2023-07-15,REGULAR
C0431,Sanya Luthra,murthypeter@example.net,2025-10-08,PREMIUM
C0432,Chasmum Sha,gaurangkuruvilla@example.net,2025-12-06,VIP
C0433,Damyanti Patil,brijesh51@example.net,2024-01-04,VIP
C0434,Urvashi Merchant,chakrika19@example.com,2024-04-05,PREMIUM
C0435,Ekiya Deshmukh,ekani34@example.com,2026-06-21,PREMIUM
C0436,Zinal Bumb,victordar@example.net,2024-08-10,VIP
C0437,Netra Palla,goyalyauvani@example.org,2023-07-27,VIP
C0438,Advay Vora,varshagour@example.org,2026-05-21,REGULAR
C0439,Nilima Pandya,qmadan@example.com,2024-06-20,VIP
C0440,Yahvi Verma,aryakothari@example.com,2023-08-28,PREMIUM
C0441,Radhika Shere,devangirish@example.com,2026-04-16,REGULAR
C0442,Aachal Nayar,jtata@example.net,2024-03-19,PREMIUM
C0443,Ubika Goel,qborah@example.net,2024-10-30,PREMIUM
C0444,Aarush Dugar,shenoyria@example.net,2024-07-26,VIP
C0445,Girik Parekh,cdixit@example.com,2025-08-01,REGULAR
C0446,Finn Sur,beraprisha@example.com,2025-06-13,VIP
C0447,Orinder Dhar,omyadass@example.com,2026-05-15,REGULAR
C0448,Maanas Sodhi,sachdevawaida@example.com,2025-12-15,PREMIUM
C0449,Bachittar Kapoor,davidmuni@example.com,2023-10-06,VIP
C0450,Nandini Wali,vsaxena@example.net,2024-06-05,REGULAR
C0451,Warinder Suri,lyadav@example.net,2024-12-06,VIP
C0452,Rajata Varghese,zilmil44@example.net,2025-05-20,PREMIUM
C0453,Gavin Shenoy,chaudharibahadurjitexample.org,2024-01-17,REGULAR
C0454,Tanvi Som,kallashaurya@example.com,2026-06-03,PREMIUM
C0455,Mason Rege,onagi@example.com,2026-05-29,PREMIUM
C0456,Advaith Raju,samakshshah@example.com,2025-04-07,VIP
C0457,Pranav Jhaveri,sagarwal@example.net,2026-05-09,PREMIUM
C0458,Zansi Ravi,abhabath@example.org,2024-12-25,VIP
C0459,Vansha Zachariah,raghav62@example.com,2023-12-25,PREMIUM
C0460,Yadavi Patel,parmersachi@example.org,2025-11-02,REGULAR
C0461,Nitara Borde,yashicasangha@example.org,2024-05-14,VIP
C0462,Yauvani Murty,samuelbhasin@example.org,2024-03-10,VIP
C0463,Kala Sharma,rkapoor@example.net,2023-10-15,REGULAR
C0464,Ishita Morar,advaith14@example.org,2024-12-17,REGULAR
C0465,Charan Hegde,jhalak05@example.org,2026-03-23,VIP
C0466,Jagat Mani,sathvikvarughese@example.com,2024-09-13,VIP
C0467,Ansh Karnik,aayush21@example.com,2025-12-06,VIP
C0468,Eiravati Thaman,jsastry@example.org,2025-05-22,PREMIUM
C0469,Indira Sachdeva,sinhaharinakshi@example.net,2023-07-25,REGULAR
C0470,Henry Hayre,balhaar40@example.org,2025-11-17,PREMIUM
C0471,Neel Soman,udyati64@example.org,2023-09-26,REGULAR
C0472,Qabil Bir,chandani78@example.org,2026-03-26,VIP
C0473,Indrajit Savant,fariqagate@example.net,2023-09-06,PREMIUM
C0474,Yashoda Vasa,arjunwalla@example.org,2023-10-07,PREMIUM
C0475,Manya Kale,nvenkatesh@example.net,2024-12-06,REGULAR
C0476,Ishita Pai,choudhuryyadaviexample.com,2023-12-26,REGULAR
C0477,Dhruv Morar,daniel84@example.net,2023-11-06,VIP
C0478,Unni Dyal,urishillawarrior@example.com,2024-03-27,PREMIUM
C0479,Hredhaan Warrior,harita92@example.com,2025-07-03,PREMIUM
C0480,Ethan Chhabra,wakeetamander@example.org,2023-11-25,PREMIUM
C0481,Alexander Bir,aaravmann@example.net,2025-11-30,PREMIUM
C0482,Vasudha Palla,nsuraexample.org,2024-11-05,VIP
C0483,Chatura Chatterjee,panditikbal@example.org,2025-08-17,REGULAR
C0484,Watika Gara,omfaraj@example.com,2023-09-09,REGULAR
C0485,Rajata Gera,duttharita@example.net,2025-01-20,VIP
C0486,Chaitaly Raja,shenoyjeet@example.com,2023-08-15,VIP
C0487,Neelima Menon,borajalsa@example.net,2025-01-05,PREMIUM
C0488,Rushil Seth,mganguly@example.com,2023-07-26,VIP
C0489,Diya Munshi,brijeshgill@example.org,2024-01-31,PREMIUM
C0490,Yutika Divan,apteekaraj@example.org,2024-09-24,REGULAR
C0491,Chavvi Jaggi,wasonisha@example.org,2023-08-29,PREMIUM
C0492,Pranit Raghavan,hema46@example.org,2024-08-07,VIP
C0493,Hemangini Atwal,samarth40@example.net,2025-03-18,VIP
C0494,Dayita Chadha,mohammedbrar@example.org,2025-03-10,REGULAR
C0495,Sai Jaggi,henrypuri@example.org,2026-02-25,PREMIUM
C0496,Nirja Saraf,pranit14@example.net,2025-07-20,PREMIUM
C0497,Fariq Parsa,bailadvaith@example.org,2024-09-27,REGULAR
C0498,Janaki Rajagopalan,skunda@example.org,2025-04-28,PREMIUM
C0499,Nicholas Menon,fariq34@example.net,2024-05-31,PREMIUM
C0500,Forum Varty,rgoel@example.com,2024-05-29,VIP
